{"phones": ["AA0", "AA1", "AA2", "AE0", "AE1", "AE2", "AH0", "AH1", "AH2", "AO0", "AO1", "AO2", "AW0", "AW1", "AW2", "AY0", "AY1", "AY2", "B", "CH", "D", "DH", "EH0", "EH1", "EH2", "ER0", "ER1", "ER2", "EY0", "EY1", "EY2", "F", "G", "HH", "IH0", "IH1", "IH2", "IY0", "IY1", "IY2", "JH", "K", "L", "M", "N", "NG", "OW0", "OW1", "OW2", "OY0", "OY1", "OY2", "P", "R", "S", "SH", "T", "TH", "UH0", "UH1", "UH2", "UW0", "UW1", "UW2", "V", "W", "Y", "Z", "ZH"], "phone_mapping": {"<eps>": 0, "sil": 1, "spn": 2, "AA0": 3, "AA1": 4, "AA2": 5, "AE0": 6, "AE1": 7, "AE2": 8, "AH0": 9, "AH1": 10, "AH2": 11, "AO0": 12, "AO1": 13, "AO2": 14, "AW0": 15, "AW1": 16, "AW2": 17, "AY0": 18, "AY1": 19, "AY2": 20, "B": 21, "CH": 22, "D": 23, "DH": 24, "EH0": 25, "EH1": 26, "EH2": 27, "ER0": 28, "ER1": 29, "ER2": 30, "EY0": 31, "EY1": 32, "EY2": 33, "F": 34, "G": 35, "HH": 36, "IH0": 37, "IH1": 38, "IH2": 39, "IY0": 40, "IY1": 41, "IY2": 42, "JH": 43, "K": 44, "L": 45, "M": 46, "N": 47, "NG": 48, "OW0": 49, "OW1": 50, "OW2": 51, "OY0": 52, "OY1": 53, "OY2": 54, "P": 55, "R": 56, "S": 57, "SH": 58, "T": 59, "TH": 60, "UH0": 61, "UH1": 62, "UH2": 63, "UW0": 64, "UW1": 65, "UW2": 66, "V": 67, "W": 68, "Y": 69, "Z": 70, "ZH": 71}, "phone_groups": {"AA0": ["AA0"], "AA1": ["AA1"], "AA2": ["AA2"], "AE0": ["AE0"], "AE1": ["AE1"], "AE2": ["AE2"], "AH0": ["AH0"], "AH1": ["AH1"], "AH2": ["AH2"], "AO0": ["AO0"], "AO1": ["AO1"], "AO2": ["AO2"], "AW0": ["AW0"], "AW1": ["AW1"], "AW2": ["AW2"], "AY0": ["AY0"], "AY1": ["AY1"], "AY2": ["AY2"], "B": ["B"], "CH": ["CH"], "D": ["D"], "DH": ["DH"], "EH0": ["EH0"], "EH1": ["EH1"], "EH2": ["EH2"], "ER0": ["ER0"], "ER1": ["ER1"], "ER2": ["ER2"], "EY0": ["EY0"], "EY1": ["EY1"], "EY2": ["EY2"], "F": ["F"], "G": ["G"], "HH": ["HH"], "IH0": ["IH0"], "IH1": ["IH1"], "IH2": ["IH2"], "IY0": ["IY0"], "IY1": ["IY1"], "IY2": ["IY2"], "JH": ["JH"], "K": ["K"], "L": ["L"], "M": ["M"], "N": ["N"], "NG": ["NG"], "OW0": ["OW0"], "OW1": ["OW1"], "OW2": ["OW2"], "OY0": ["OY0"], "OY1": ["OY1"], "OY2": ["OY2"], "P": ["P"], "R": ["R"], "S": ["S"], "SH": ["SH"], "T": ["T"], "TH": ["TH"], "UH0": ["UH0"], "UH1": ["UH1"], "UH2": ["UH2"], "UW0": ["UW0"], "UW1": ["UW1"], "UW2": ["UW2"], "V": ["V"], "W": ["W"], "Y": ["Y"], "Z": ["Z"], "ZH": ["ZH"]}, "version": "3.0.0a2.dev0+g940e907.d20230824", "architecture": "gmm-hmm", "train_date": "2024-02-10 15:17:19.181270", "training": {"audio_duration": 3536308.477162502, "num_speakers": 2485, "num_utterances": 292367, "num_oovs": 0, "average_log_likelihood": -0.050285424064008426}, "dictionaries": {"names": ["english_us_arpa"], "default": "english_us_arpa", "silence_word": "<eps>", "use_g2p": false, "oov_word": "<unk>", "bracketed_word": "[bracketed]", "laughter_word": "[laughter]", "clitic_marker": "'", "position_dependent_phones": false}, "language": "unknown", "features": {"type": "mfcc", "use_energy": false, "frame_shift": 10, "frame_length": 25, "snip_edges": false, "low_frequency": 20, "high_frequency": 7800, "sample_frequency": 16000, "dither": 1, "energy_floor": 0, "num_coefficients": 13, "num_mel_bins": 23, "cepstral_lifter": 22, "preemphasis_coefficient": 0.97, "uses_cmvn": true, "uses_deltas": true, "uses_voiced": false, "uses_splices": false, "uses_speaker_adaptation": true, "use_pitch": false, "use_voicing": false, "min_f0": 50, "max_f0": 800, "delta_pitch": 0.005, "penalty_factor": 0.1, "silence_weight": 0.0, "splice_left_context": 3, "splice_right_context": 3}, "oov_phone": "spn", "optional_silence_phone": "sil", "phone_set_type": "UNKNOWN", "silence_probability": 0.18, "initial_silence_probability": 0.18, "final_silence_correction": 0.99, "final_non_silence_correction": 0.01}